銀行,信用卡名稱,國內消費現金回饋,國內消費現金回饋 info,國外消費現金回饋,國外消費現金回饋 info,餐廳消費現金回饋,餐廳消費現金回饋 info,旅平險,旅平險 info,加油降價折扣 ,加油降價折扣 info,年費折抵,年費折抵 info,最低年收入要求,最低年收入要求 info,年費,年費 info,飯店住宿現金回饋 ,飯店住宿現金回饋 info,國外消費哩程回饋,國外消費哩程回饋 info,國內消費哩程回饋,國內消費哩程回饋 info,機場貴賓室,機場貴賓室 info,加油消費現金回饋,加油消費現金回饋 info,加油消費紅利點數回饋,加油消費紅利點數回饋 info,平日電影折扣,平日電影折扣 info,影音串流平台回饋,影音串流平台回饋 info,行動支付現金回饋,行動支付現金回饋 info,國內消費紅利點數回饋,國內消費紅利點數回饋 info ,海外消費紅利點數回饋,海外消費紅利點數回饋 info,線上消費紅利點數回饋,線上消費紅利點數回饋 info,,生活代扣繳紅利點數回饋,生活代扣繳紅利點數回饋 info,基本消費紅利點數回饋,基本消費紅利點數回饋 info,百貨公司消費現金回饋,百貨公司消費現金回饋 info,行動支付紅利點數回饋,行動支付紅利點數回饋 info,公共事業消費回饋,公共事業消費回饋 info,美食外送平台回饋,美食外送平台回饋 info,綠色消費回饋,綠色消費回饋 info,海外線上消費現金回饋,海外線上消費現金回饋 info,國內線上消費現金回饋,國內線上消費現金回饋 Info,保險消費現金回饋,保險消費現金回饋 info,旅遊消費現金回饋,旅遊消費現金回饋 info,大眾交通消費現金回饋,大眾交通消費現金回饋 info,計程車/Uber消費回饋,計程車/Uber消費回饋 info,保健消費現金回饋,保健消費現金回饋 info,飛行消費哩程回饋,飛行消費哩程回饋 info,旅遊消費紅利點數回饋,旅遊消費紅利點數回饋 info,旅遊消費哩程回饋,旅遊消費哩程回饋 info,零售消費紅利點數回饋,零售消費紅利點數回饋 info,,百貨量販消費折扣,百貨量販消費折扣 info
中國信託,agoda聯名卡,1%,A金,2.5%,,5%,,"2,000 萬",,,,,,,,,,,,,,,,,,,,,,,,,,,,,,,,,,,,,,,,,,,,,,,,,,,,,,,,,,,,,,,,,,,,,,,,,
中國信託,LINE Pay卡,1%,本項實為一般消費以LINE POINTS回饋,2.8%,本項實為海外消費以LINE POINTS回饋,,,,,,,,,,,,,,,,,,,,,,,,,,,,,2.8%,,,,,,,,,,,,,,,,,,,,,,,,,,,,,17%,Hotels.com 最高LINE POINTS 17%,,,,,,,,,,,,,,,,,
中國信託,中油VIP聯名卡,,,,,,,"2,000 萬",,,,首年免年費,次年起，綁定中油Pay期間或近半年登入中信行動銀行HOME BANK，可享終身免年費,,,,,,,,,,,,,2.8%,先儲值再加油，最高回饋6.8%,1 元/點,汽油1元1點、柴油2元1點,,,,,,,,,,,,,,,,,,,,,,,,,,,,,,,,,,,,,,,,,,,,,,,,,,,,
中國信託,英雄聯盟信用卡,,,2.5%,,,,國內消費現金回饋,1%,年費折抵,首年免年費,info,"年消費>=NT60,000元，享次年免年費(正附卡如為相同卡面圖樣者可合併計算消費金額，不同卡面圖樣則應分別計算)；符合以下任一條件，享持卡期間內終身免年費：綁定中信LINE官方帳號、申請電子或行動帳單、登入中信行動銀行HOME BANK、使用中信存款帳號自動扣繳卡款",影音串流平台回饋,3%,info,Catchplay、KKBOX、KKTV、LINE TV、LiTV、愛爾達電視,,,,,,,,,,,,,,,,,,,,,,,,,,,,,,,,,,,,,,,,,,,,,,,,,,,,,,,,,,,,,,,,
元大銀行,Hello Kitty鑽金聯名卡,1.2%,國內一般消費1.2%回饋（鑽金紅利回饋無上限）,2.2%,國外一般消費2.2%回饋（鑽金紅利回饋無上限）,,,,,,,,,,,,,,,,,,,,,,,,,,,,,,,,,,,,,,,,,,,,,,,,,,,,2.2%,外一般消費2.2%回饋（鑽金紅利回饋無上限,,,,,,,,,,,,,,,,,,,,,,,
元大銀行,鑽金智富卡,1.2%,國內一般消費1.2%回饋（鑽金紅利回饋無上限）,2.2%,國外一般消費2.2%回饋（鑽金紅利回饋無上限）,,,,,,,,,,,,,,,,,,,,,,,,,,,,,,,,,,,,,,,,,,,,,,,,,,,,2.2%,外一般消費2.2%回饋（鑽金紅利回饋無上限,,,,,,,,,,,,,,,,,,,,,,,
台北富邦,JU卡,6%,指定手搖飲,10%,指定百貨/機場/免稅店,,,,,,,首年免年費,次年起，正附卡合併消費達6萬或12次即享免年費,,,,,,,,,,,,,,,,,,,,,,,,,,,,,,,,,,,,,,,,,,,,,,,,0.5%,,,,,,,,,,,,,,,,,,,,
台北富邦,J卡,6%,指定手搖飲,10%,指定百貨/機場/免稅店,,,,,,,首年免年費,次年起，正附卡合併消費達6萬或12次即享免年費,,,,,,,,,,,,,,,,,,,,,,,,,,,,,,,,,,,,,,,,,,,,,,,,0.5%,,,,,,,,,,,,,,,,,,,,
台北富邦,數位生活卡,0.7%,"一般消費 享0.7%現金回饋 (當期需有1筆數位通路 ,否則 一般消費僅有0.3%現金回饋)",,,,,"2,000 萬",,,,,,,,,,,,,,,,,,,,,,,,,,2%,,,,,,,,,,,,,,,,,,,,,,,,,2%,,,,,,,,,,,,,,,,,,,,,,
台北富邦,鑽保卡,0.7%,,,,,,,,,,首年免年費,"白金卡次年消費正卡2,400元，鈦金卡次年消費正附卡合併達6萬或12次，可享免年費優惠。",,,,,,,,,,,,,,,,,,,,,,,,,,,,,,,,,,,,,,,,,,,,,,,,0.5%,,,,,,,,,,,,,,,,,,,,
台新銀行,@GoGo icash御璽卡,,,,,,,"最高 2,000 萬",,,,,,,,,,,,,,,,,,,,,,最低 6 折,週一~週四，新光影城適用,,,,,,,,,最高 3.8%,,,,,,,,,最高 3.8%,,,,,,,,,,,,,,,,,,,,,,,,,,,,,,,,
台新銀行,FlyGo卡,,,,,,,"3,000 萬",,,,,,,,,,,,,,,,,,,,,,,,,,,,最高 5%,航空/旅遊/交通最高5%,最高 5%,帳單結帳日3個工作天前成功設定使用【數位帳單(含電子或行動帳單)，並以Richart帳戶自動扣繳台新信用卡帳單】且持續使用未取消者，當期帳單海外消費享加碼回饋2.7%回饋，每期帳單海外加碼回饋無上限。*若未完成上述任務享一般0.3%無上限(不適用海外加碼回饋),,,,,,,,,,,,,,,,,,,,,,,,5%,,,,,,,,,,,,,,,,,,
台新銀行,Gogoro Rewards 聯名卡,4%,指定超商/高鐵/摩斯 最高4％回饋(Gogoro Smart Points),2.5%,(Gogoro Smart Points),,,,,,,,,,,,,,,,,,,,,,,,,6折,,,,,,,,,,,,,,,,,,,,,,,,,,,,,,,,,4%,KKday、Klook、易遊網(Gogoro Smart Points),,,,,,,,,,,,,,,,,
台新銀行,三商美邦人壽聯名卡,0.5%,,,,,,"2,000 萬",,,,首年免年費,次年起，申請數位帳單期間免年費，或持卡年度任刷一筆，次年享免年費,,,,,,,,,,,,,,,,,,,,,,,,,,,,,,,,,,,,,,,,,,,,,,,,1.2%,繳三商美邦保費並達門檻 三商美邦保費傳統型壽險保單，享1.2%現金回饋；一般消費享0.5%現金回饋,,,,,,,,,,,,,,,,,,,
台新銀行,大潤發/大買家聯名卡,1%,大潤發店內消費享發幣1%回饋，店外一般消費享發幣0.5%回饋,1%,發幣回饋,,,,,,,符合條件即免年費,,,,,,,,,,,,,,,,,,,,,,1.5%,於全支付綁定大潤發聯名卡，享大潤發店內消費最高1.5%回饋(含聯名卡原權益1%發幣+0.5%全點),,,,,,,,,,,,,,,,,,,,,,,,,,,,,,,,,,,,,,,,,,,,,,
台新銀行,太陽悠遊JCB卡,,,,,,,,,,,首年免年費,使用台新電子帳單、行動帳單，即享免年費優惠。,,,,,,,,,,,,,,,,,,,,,,,3.8%,天天刷、大筆刷每日可至 Richart Life 切換一次，以最終留存方案計算當日消費回饋,3.8%,海外加碼：排除 Apple.com(如iTunes)、Google、Spotify、Youtube、TikTok 之交易,,,,,,,,,,,,,,,,,,,,,,,,,,,,,,,,,,,,,,,,,,
台新銀行,台新街口聯名卡,,,,,,,"3,000 萬",,,,符合條件即免年費,使用台新電子帳單、行動帳單，即享免年費優惠。 公共事業消費回饋 1%,,,,,,,,,,,,,,,,,,,,,,,,,,,,,,,,,,,,3%,,1%,指定繳費/捐款/保險(週三街口日 街口卡用街口APP),,,,,,,,,,,,,,,,,,,,,,,,,,,,,
台新銀行,卓富無限卡,1%,,3%,,,,,,,,,,,,"NT$ 25,000",,,,,,,,,,,,,,,,,,,,,,,,,,,,,,,,,,,,,,,,,,,,,1.5,,,,,,,,,,,,,,,,,,,,
台新銀行,昇恆昌無限卡,1%,其他國內一般消費(含保費),2.2%,航空公司/旅行社/國外消費,,,"5,000 萬",,,,,,,,,,,,,,,,12 次/年,環亞/東方宇逸貴賓室,,,,,,,,,,,,,,,,,,,,,,,,,,,,,,,,,,,,,,,,,,,,,,,,,,,,,,,,
台新銀行,昇恆昌聯名卡,0.5%,於國內消費,1.5%,於國外消費：御璽卡1.5%、白金卡/普卡1%,,,,,,,符合條件即免年費,,,,,,,,,,,,,,,,,,,,,,,,,,,,,,,,,,,,,,,,,,,,,,,,,1%,御璽卡代扣繳保險費，不論是壽險還是產險，皆享1%回饋無上限,,,,,,,,,,,,,,,,,,,
台新銀行,玫瑰Giving卡,,,,,,,"最高 3,000 萬",,,,符合條件即免年費,使用台新電子帳單、行動帳單，即享免年費優惠(若同時使用實體帳單者恕無法參加免年費活動)，如取消行電子帳單、行動帳單或額外申請補印實體帳單，則最晚將於次2月信用卡帳單揭露應繳納之年費。,,,,,,,,,,,,,,,,,,,,,,,最高 3%,,最高 3%,,,,,,,,,,,,,,,,,,,,,,,,,,,,,,,,,,,,,,,,,,,
台新銀行,玫瑰悠遊Mastercard卡,,,,,,,,,,,首年免年費,使用台新電子帳單、行動帳單，即享免年費優惠。,,,,,,,,,,,,,,,,,,,,,,,3.8%,天天刷、大筆刷每日可至 Richart Life 切換一次，以最終留存方案計算當日消費回饋,3.8%,海外加碼：排除 Apple.com(如iTunes)、Google、Spotify、Youtube、TikTok 之交易,,,,,,,,,,,,,,,,,,,,,,,,,,,,,,,,,,,,,,,,,,
台新銀行,商務卡,,,2.5%,於國外消費(含國外網站)享2.5%現金回饋無上限,,,"3,000 萬",,,,,,,,"NT$ 4,500","正卡NT$4,500，附卡NT4,500",,,,,,,,,,,,,,,,,,,,,,,,,,,,,,,,,,,,,,,,,,,,,,,,,,,,,,,,,,,,,,,,
台新銀行,國泰航空世界卡,,,,,,,"5,000 萬",,,,,,,,"NT$ 20,000","世界卡正卡NT$20,000，附卡免年費 。",,,NT$ 15 /哩,,NT$ 22 /哩,半年內搭乘國泰1次(含)以上，指定類別消費5元 =1哩；國泰官網購票5元 =1哩,,,,,,,,,,,,,,,,,,,,,,,,,,,,,,,,,,,,,,,,,,,,,,,,,,,,,,,,,,
台新銀行,國泰航空鈦金卡,,,,,,,"2,000 萬",,,,,,,,免年費,鈦金卡正附卡免年費,,,NT$ 25 /哩,,NT$ 30 /哩,國泰官網購票5元 =1哩,,,,,,,,,,,,,,,,,,,,,,,,,,,,,,,,,,,,,,,,,,,,,,,,,,,,,,,,,,
台新銀行,國泰航空翱翔鈦金卡,,,,,,,"3,000 萬",,,,,,,,"NT$ 2,400","正卡NT$2,400，附卡免年費。",,,NT$ 15 /哩,,NT$ 25 /哩,半年內搭乘國泰1次(含)以上，指定類別消費10元 =1哩；國泰官網購票5元 =1哩,,,,,,,,,,,,,,,,,,,,,,,,,,,,,,,,,,,,,,,,,,,,,,,,,,,,,,,,,,
台新銀行,新光三越聯名卡,1%,新光三越館內消費，週五～日：加碼0.7%，享1%現金回饋,,,,,"2,000 萬",,,,,,,,,,,,,,,,,,,,,,,,,,1%,,,,,,,,,,,,,1%,新光三越館內最高,,,,,,,,,,,,,,,,,,,,,,,,,,,,,,,,,
台新銀行,遠傳friDay聯名卡,,,,,,,,,,,,,,,,,,,,,,,,,,,,,,,,,,,1%,,,,8%,,,3%,電信帳單代扣繳限正卡人本人名下(限個人用戶)之遠傳電信帳單,1%,,,,,,,,,,,,,,,,,,,,,,,,,,,,,,,,,,,,
台新銀行,燦坤生活聯名卡,2.5%,店內消費最高2.5%回饋、店外0.5%,0.5%,於國外消費,,,"2,000 萬",,,,符合條件即免年費,2023年任刷一筆，享免年費之優惠,,,,,,,,,,,,,,,,,,,,,,,,,,,,,,,,,,,,,,,,,,,,,,,,,,,,,,,,,,,,,,,,,,,,
台灣樂天,玫瑰卡,5%,三大行動支付+ 新戶回饋,3%,,,,"2,000 萬",,,,,,,,,,,,,,,,,,,,,,,,,,3%,樂天玫瑰VISA卡，國內消費 2%，海外消費3%回饋，綁定Line Pay、街口支付及icash Pay消費再享3%回饋,,,,,,,,,,,,,,,,,,,,,,,,,,,,,,,,,,,,,,,,,,,,,,
台灣樂天,桃猿卡,3%,三大行動支付,3%,,,,"2,000 萬",,,,,,,,,,,,,,,,,,,,,,,,,,3%,樂天桃猿VISA卡綁定Line Pay、街口支付及icash Pay消費享3%回饋，海外消費3%回饋,,,,,,,,,,,,,,,,,,,,,,,,,,,,,,,,,,,,,,,,,,,,,,
台灣樂天,樂虎卡,3%,三大行動支付,5%,日本實體店家消費,,,"2,000 萬",,,,,,,,,,,,,,,,,,,,,,,,,,3%,綁定Line Pay、街口支付及icash Pay消費享3%回饋,,,,,,,,,,,,,,,,,,,,,,,,,,,,,,,,,,,,,,,,,,,,,,
永豐銀行,MITSUI OUTLET PARK卡,,,,,10%,館外餐廳享10%回饋(需登錄),,,,,,,,,,,,,,,,,,,,,,,,,,,,,,,,,,,,,,,,1%,,,,,,10%,指定外送平台享10%回饋(需登錄),,,,,,,,,,,,,,,,,,,,,,,,,,,
永豐銀行,SPORT卡,1%,無上限基本回饋,1%,無上限基本回饋,,,,,,,首年免年費,"申請信用卡電子對帳單且取消實體帳單，於電子帳單申請期間，正、附卡皆享免年費；收取年費當月前12個月正附卡累計消費滿$36,000或不限金額消費12次，免收次年年費",,,,,,,,,,,,,,,,,,,,,7%,,,,,,,,,,,,,,,,,,,,,,,,,,,,,,,,,,,,,,,,,,,,,,,
永豐銀行,保倍卡,,,,,,,"2,000 萬",,,,首年免年費,次年起，免年費條件：扣繳保費任一筆享次年免年費或年度消費；申請電子或行動對帳單且取消實體帳單，於申請期間，正、附卡皆享免年費之優惠,,,,,,,,,,,,,,,,,,,,,,,6 元/點,一般消費每30元1點，最高享5倍回饋，30元回饋5點,,,,,,,,,,,,,,,,,,,,,,,,1.2%,1.2%無上限，新卡登錄加碼1%回饋上限400元,,,,,,,,,,,,,,,,,,,
永豐銀行,現金回饋Green卡,1%,,5%,,,,,,,,首年免年費,符合條件即免年費（使用行動/電子帳單期間享「免年費」優惠）,,,,,,,,,,,,,,,,,,,,,,,,,,,,,,,,,,,,,,,,,,最高5%現金回饋,,,,,,,,,,,,,,,,,,,,,,,,,,
永豐銀行,現金回饋JCB卡,4%,指定百貨/網購消費,11%,含國外2%+特選通路3%+新戶加碼1%+日本滿額加碼5%,,,"2,000 萬",,,"2,000 萬",首年免年費,使用行動/電子帳單期間享「免年費」優惠,,,,,,,,,,,,,,,,,,,,,,,,,,,,,,,,,,,,,,,,,,,,,,,,,,,,,,,,,,,,,,,,,,,,
永豐銀行,夢行卡,1%,回饋無上限,2%,回饋無上限,5%,,"2,000 萬",,,,,,,,,,,,,,,,,,,,,,,,,,,,,,,,,,,,,,,,,,,,,,,,,,,,,,,,,,,,,,,,,,,,,,,,,
永豐銀行,幣倍卡,6%,國內精選通路最高6%回饋,7%,國外精選通路最高7%回饋,,,"2,000 萬",,,,,,,,,,,,,,,,4 次/年,首年可使用，續年度須達指定消費門檻,,,,,,,,,,,,,,,,,,,,,,,,,,,,,,,,,,,,,,,,,,,,,,,,,,,,,,,,
玉山銀行,Pi 拍錢包信用卡,1.2%,P幣回饋,4.2%,P幣回饋,,,,,,,,,,,,,,,,,,,,,,,,,,,,,4.2%,,,,,,,,,,,,,,,,,,,,,,,,,,,1.2%,,,,,,,,,,,,,,,,,,,,
玉山銀行,U Bear信用卡,,,,,,,,,,,,,,,,,,,,,,,,,,,,,,,13%,每期回饋上限100元,10%,OPEN錢包、icash Pay,,,,,,,,,,,,,,,,,,,,,,9%,,9%,,,,,,,,,,,,,,,,,,,,,,
玉山銀行,Unicard,,,,,,,,,,,,,,,,,,,,,,,,,,,最高 5%,,,,,,最高 5%,LINE Pay、街口支付、悠遊付、橘子支付、icash Pay,最高 5%,e point回饋,最高 5%,e point回饋,,,,,,,,,,,,,,,,,,,,,,,,,,,,,,,,,,,,,,,,,,
玉山銀行,熊本熊卡,,,8.5%,含基本回饋國外1%+日本地區消費加碼1%+指定日本商店消費加碼5%+雙幣卡國外消費免收1.5%國外交易服務費,,,"2,000 萬",,,,,,,,首年免年費,使用帳單e化期間享免年費優惠；每年有消費，年年也可免年費,,,,,,,,,,,,,,,,,,,,,,,,,,,,,,,,,,,,,,,,,,,,,,8.5%,日航機票回饋,,,,,,,,,,,,,,,,,
星展銀行,eco永續卡,1.5%,,5%,新加坡／日本／韓國／美洲／歐洲持實體卡片消費享5%現金積點回饋,,,,,,,,,,,,,,,,,,,,,,,,,,,,,15%,活動期間內刷 Apple Pay、Samsung Pay、LINE Pay、街口支付並完成任務，登錄每筆享最高15%回饋，合計最高回饋NT$500刷卡金 !,,,,,,,,,,,,,,,,,,,,10%,Tesla 充電資費、Gogoro （含PBGN車主）每月電池資費、星展支持的社會企業及中小企業消費享10%現金積點回饋。,,,,,,,,,,,,,,,,,,,,,,,,,
星展銀行,everyday威士御璽卡,,,,,,,,,,,首年免年費,"持卡第二年起，凡當年度達成以下 3 項指定條件中任何 1 項，可免繳次年年費： 1）正卡年度累計交易次數達 12 次 2）正卡年度累計消費金額達 NT$30,000 3）全年度使用信用卡電子帳單",,,,,,,,,,,,,,,,,最優 6 折,,25 元/10點,指定海外串流影音平台（包含：Netflix、Disney+、YouTube、Spotify、iTunes）享10倍活利積分（包含原消費所提供之１倍回饋）,15%,"活動期間內刷 Apple Pay、Samsung Pay、LINE Pay、街口支付，消費筆數達10筆且每筆金額達NT$300， 登錄每筆享最高15%回饋，合計最高回饋NT$500刷卡金 !（需登錄，回饋名額共12,500名）",,,,,,,,,,,,,,,,,,,,,,,,,,,,,,,,,,,,,,,,,,,,,,
星展銀行,星展HAPPY GO聯名卡,,,,,,,,,,,,,,,,,,,,,,,,,,,,,,,,,,,,,,,,,,,,100 元/點,HAPPY GO點數,,,,,,,,,,,,,,,,,,,,,,,,,,,,,,,100 元/3點,指定百貨,,最優 9 折,
星展銀行,星展PChome Prime聯名卡,,,,,,,,,,,,,,,,,,,,,,,,,,,,,6 折,威秀購票,,,,,0.5%,,1.5%,,6%,PCHome 線上消費 6%,,,,,,,,,,,,,,,,,,,,,,,,,,,,,,,,,,,,,,,,
星展銀行,星展饗樂生活卡,,,,,最優 9 折,王品集團人氣餐廳平日九折,,,,,,,,,,,,,,,,,,,,,,,6 折,威秀購票，週一～週四，2D／3D／TITAN SCREEN,,,,,30 元/點,,,,,,,,,,,,,,,,,,,,,,,,,,,最優 8 折,饗樂卡KKday旅遊體驗,,,,,,,,,,,,,,,,,
美國運通,長榮航空簽帳白金卡,,,,,,,,,,,,,,,,,,,NT$ 16.67 /哩,基本消費NT$25=1哩，海外消費加碼50%哩程回饋,NT$ 25 /哩,,免費無限次使用,"全球1,400間以上機場貴賓室，如The Centurion Lounge、Priority Pass、環亞機場貴賓室(Plaza Premium Lounge)、長榮航空指定機場貴賓室等",,,,,,,,,,,,,,,,,,,,,,,,,,,,,,,,,,,,,,9 折,長榮航空官網指定艙等票價最優9折,,,,,,,,,,,,,,,,,
美國運通,長榮航空簽帳金卡,,,,,,,,,,,,,,,,,,,最優NT$ 15 /哩,"每消費25元得1哩，免登錄，每月國外消費首2,000哩，最優15元=1哩。",最優NT$ 20 /哩,"每消費25元得1哩，免登錄，每月國內消費首2,000哩，最優20元=1哩。",300 元/次,主、附卡會員搭乘長榮航空實際承運航班，出示實體卡片及當日登機證，不限艙等皆可以每次NT$300優惠價，全年不限次數使用長榮航空指定機場貴賓室。,,,,,,,,,,,,,,,,,,,,,,,,,,,,,,,,,,,,,,9折,,,,,,,,,,,,,,,,,,
美國運通,信用白金卡,5%,購物平台最高5%刷卡金回饋，如momo 購物網、 PChome線上購物 、 Yahoo購物中心、博客來、全台家樂福實體店面,,,50%,五星飯店餐廳優惠，2人用餐1人免費,,,,,,,,,,,50%,"國內酒店住宿優惠, 買一晚送一晚",NT$ 30 /哩,消費NT$30=1哩，續卡禮遇回饋，最優消費NT$18.75=1哩,,,,,,,,,,,,,,,,,,,,,,,,,,,,,,,,,,,,,,,,,,,,,,,,,,,,,,,,,,,,
美國運通,簽帳白金卡,,,,,50%,五星飯店餐廳優惠，2人用餐1人免費,,,,,,,,,,,50%,國內精選飯店住宿，買一晚送一晚,最優NT$ 30 /2哩,海外消費不分項目/區域可再享額外1積分,,,全年不限次數,"全球逾1,400間機場貴賓室，免費無限次使用",,,,,,,,,,,,,,,,,,,,,,,,,,,,,,,,,,,,,,,,,,,,,,,,,,,,,,,,
國泰世華,CUBE卡,最高 3.3%,回饋小樹點(信用卡) 1點小樹點 (信用卡) ＝NT$1,最高 3.3%,小樹點(信用卡),,,,,,,,,,,,,,,,,,,,,2%,小樹點(信用卡),,,,,,,,,,,,,,,,,,,,,,,,,,,,,,,,,,,,,,,,,,,,,,,,,,,,,,
國泰世華,台塑聯名卡,,,,,,,,,NT$ 1.2 /公升,,首年免年費,次年起，鈦金商務卡/晶緻卡正附卡併計消費滿NT$12萬，白金卡每卡消費滿1次，即享免年費優惠,"NT$ 200,000",,,,,,,,,,,,,,,,,,,,,,,,,,,,,,,,,,,,,,,,,,,,,,,,,,,,,,,,,,,,,,,,,,,
國泰世華,亞洲萬里通聯名世界卡,,,,,,,"6,000 萬",,,,,,,,,,,,NT$ 10 /哩,,NT$ 10 /哩,哩程加速器特店，消費最高回饋NT$10/哩,6 次/年,,,,,,,,,,,,,,,,,,,,,,,,,,,,,,,,,,,,,,,,,,,,,,,,,,,,,,,,,
國泰世華,亞洲萬里通聯名白金卡,,,,,,,"2,000 萬",,,,,,,,,,,,NT$ 15 /哩,,NT$ 15 /哩,哩程加速器特店，消費最高回饋NT$15/哩,,,,,,,,,,,,,,,,,,,,,,,,,,,,,,,,,,,,,,,,NT$ 15 /哩,指定哩程加速器特店旅行社/航空機票,,,,,,,,,,,,,,,,,
國泰世華,亞洲萬里通聯名里享卡,,,,,,,"2,000 萬",,,,,,,,,,,,NT$ 15 /哩,生日當月哩程加速器特店，消費最高回饋NT$15/哩,NT$ 15 /哩,生日當月哩程加速器特店，消費最高回饋NT$15/哩,NT$ 850 /次,,,,,,,,,,,,,,,,,,,,,,,,,,,,,,,,,,,,,,,,,,,,,,,,,,,,,,,,,
國泰世華,亞洲萬里通聯名鈦商卡,,,,,,,"3,500 萬",,,,,,,,,,,,NT$ 10 /哩,,NT$ 10 /哩,哩程加速器特店，消費最高回饋NT$10/哩,,,,,,,,,,,,,,,,,,,,,,,,,,,,,,,,,,,,,,,,,,,,,,,,,,,,NT$ 10 /哩,指定哩程加速器特店旅行社/航空機票,,,,,
國泰世華,長榮聯名御璽卡,,,,,,,"3,500 萬",,,,首年免年費,正卡首年免年費、次年年費NT$300；附卡免年費,,,,,,,NT$ 30 /哩,,NT$ 30 /哩,,,,,,,,,,,,,,,,,,,,,,,,,,,,,,,,,,,,,,,,,,,,,,,,,,,,,,,,,,,
國泰世華,長榮聯名無限卡,,,,,,,"6,000 萬",,,,,,,,"NT$ 2,400","正卡NT$2,400，附卡免年費",,,,,,,,,,,,,,,,,,,,,,,,,,,,,,,,,,,,,,,,,,,,,,,,,,,,,,NT$ 10 哩,長榮官網購票/機上免稅品/海外消費/國內旅行社團費最優NT$10=1哩,,,NT$ 22 /哩,,,,,,
國泰世華,長榮聯名極致御璽卡,,,,,,,"3,500 萬",,,,,,,,NT$ 800,正卡NT$800，附卡免年費,,,,,,,,,,,,,,,,,,,,,,,,,,,,,,,,,,,,,,,,,,,,,,,,,,,,,,NT$ 10 哩,長榮官網購票/機上免稅品/海外消費/國內旅行社團費最優NT$10=1哩,,,NT$ 30 /哩,,,,,,
國泰世華,長榮聯名極致無限卡,,,,,,,"6,000 萬",,,,,,,,"NT$ 20,000","正卡NT$20,000，附卡免年費",,,,,,,,,,,,,,,,,,,,,,,,,,,,,,,,,,,,,,,,,,,,,,,,,,,,,,NT$ 10 哩,長榮官網購票/機上免稅品/海外消費/國內旅行社團費最優NT$10=1哩,,,NT$ 20 /哩,,,,,,
第一銀行,iLEO卡,2%,指定通路 分期付款利率 0%,11%,3%現金回饋，新戶再加碼8%現金回饋,行動支付現金回饋,10%,,,,,,,,,,,,,,,,,,,,,,,,,,,,,,,,,,,,,,,,,,,,,,,,,,,,,,,,,,,,,,,,,,,,,,,,,,
第一銀行,Living Green綠活卡,,,,,,,一卡通消費回饋,5%,國內消費紅利點數回饋,15 元/點,,,,,,,,,,,,,,,,,,,,,,,,,,,,,,,,,,,,,,,,,,,,,,,,,,,,,,5%,"*高鐵 5% 回饋（當月帳單新增一般消費單筆滿 1,000 元(含)以上，當月帳單之臺鐵、高鐵刷卡交易享回饋，每戶每月上限200元 ） *購買自交易日起(含)29日內之標準車廂對號座車票享紅利點數折抵票價 15% 優惠（每100點折5元）",,,10%,,,,,,,,,,,,
第一銀行,御璽商旅卡,1%,,2.5%,海外外幣實體店家消費,,,,,,,,,,,,,,,,,,,,,,,,,,,,,5%,"單筆滿1,000元(含)以上享指定行動支付最高5%回饋",,,,,,,,,,,,,,,,,,,,,,,,,,15%,agoda訂房最高15%現折優惠,,,,,,,,,,,,,,,,,,,
第一銀行,鈦金商旅卡,,,2.8%,海外外幣實體店家消費,,,"3,000 萬",,,,,,,,,,,,,,,,10 次/年,刷卡消費金額符合專案相關優惠條件，每年最多可免費使用10次,,,,,,,,,,,,,,,,,,,,,,,,,,,,,,,,,,,,,,3%,,,,,,,,,,,,,,,,,,
凱基銀行,雙幣哩程卡,,,,,,,,,,,,,,,,,,,NT$ 18 /哩,,NT$ 18 /哩,,,,,,,,,,,,,,,,,,,,,,,,,,,,,,,,,,,,,,,,,NT$ 18 /哩 訂房消費哩程回饋 NT$ 18 /哩,,,,,,,,,,,,,,,,,,
滙豐銀行,Live+現金回饋卡,4.88%,綁定本行帳戶自動扣繳享1%加碼，最高享4.88%回饋(含通路加碼3%)，額外1%每月回饋上限200元,5.88%,精選國家(日本、新加坡、馬來西亞、越南、菲律賓、印度、斯里蘭卡)餐飲通路消費加碼1%，最高享5.88%回饋(含自動扣繳1%+通路加碼3%)，額外5%每月回饋上限200元 ,,,,,,,,,,,,,,,,,,,,,,,,,,,,,,,,,,,,,,,,,,3.88%,百貨/餐飲/娛樂 通路加碼3%，最高享3.88%回饋，額外3%每月回饋上限888元 ,,,,,,,,,,,,,0.88%,,,,,,,,,,,,,,,,,,,,
滙豐銀行,Live+現金回饋卡,4.88%,綁定本行帳戶自動扣繳享1%加碼，最高享4.88%回饋(含通路加碼3%)，額外1%每月回饋上限200元,5.88%,精選國家(日本、新加坡、馬來西亞、越南、菲律賓、印度、斯里蘭卡)餐飲通路消費加碼1%，最高享5.88%回饋(含自動扣繳1%+通路加碼3%)，額外5%每月回饋上限200元 ,,,,,,,,,,,,,,,,,,,,,,,,,,,,,,,,,,,,,,,,,,3.88%,百貨/餐飲/娛樂 通路加碼3%，最高享3.88%回饋，額外3%每月回饋上限888元 ,,,,,,,,,,,,,0.88%,,,,,,,,,,,,,,,,,,,,
滙豐銀行,Live+現金回饋卡 開戶專案,4.88%,綁定本行帳戶自動扣繳享1%加碼，最高享4.88%回饋(含通路加碼3%)，額外1%每月回饋上限200元,5.88%,精選國家(日本、新加坡、馬來西亞、越南、菲律賓、印度、斯里蘭卡)餐飲通路消費加碼1%，最高享5.88%回饋(含自動扣繳1%+通路加碼3%)，額外5%每月回饋上限200元 ,,,,,,,,,年費折抵,首年免年費,,,,,,,,,,,,,,,,,,,10%,OPEN POINT 錢包 10% OPEN POINT回饋,,,,,,,,,,,,,,,,,,,,,,,,,,,,,,,,,,,,,,,,,,,,,,
滙豐銀行,旅人御璽卡 開戶專案,,,,,,,"2,000 萬",,,,,,,,"NT$ 2,500",,,,NT$ 15 /哩,,NT$ 18 /哩,,,,,,,,,,,,,,,,,,,,,,,,,,,,,,,,,,,,,,,,,,,,,,,,,,,,,,,,,,,
滙豐銀行,現金回饋御璽卡,1.22%,,,,,,"2,000 萬",,,,,次年起，使用非紙本帳單(電子帳單或行動帳單)或是前一年消費滿8萬或12次，享免年費,,,首年免年費,,,,,,,,,,,,,,,,,,,,,,,,,,,,,,,,,,,,,,,,,,,,,1.22%,,,,,,,,,,,,,,,,,,,,
滙豐銀行,現金回饋御璽卡 開戶專案,1.22%,,2.22%,,,,"2,000 萬",,,,,,,,,,,,,,,,,,,,,,,,,,,,,,,,,,,,,,,,,,,,,,,,,,,,,1.22%,,,,,,,,,,,,,,,,,,,,
滙豐銀行,匯鑽卡,6%,指定行動支付/外送/網購+回饋達檻+帳戶滿額,,,,,,,,,首年免年費,首年免年費(不論新舊戶)，第2年起，達成以下2條件(任一)，免次年年費： 勾選電子帳單或行動帳單 或 前一年消費滿8萬或12次,,,,,,,,,,,,,,,,,,,,,6%,,,,,,,,,,,,,,,,,,,,,,,,,,,1%,,,,,,,,,,,,,,,,,,,,
滙豐銀行,匯鑽卡 開戶專案,6%,指定行動支付/外送/網購+回饋達檻+帳戶滿額,,,,,,,,,首年免年費,首年免年費(不論新舊戶)，第2年起，達成以下2條件(任一)，免次年年費： 勾選電子帳單或行動帳單 或 前一年消費滿8萬或12次,,,,,,,,,,,,,,,,,,,,,6%,,,,,,,,,,,,,,,,,,,,,,,,,,,1%,,,,,,,,,,,,,,,,,,,,
遠東商銀,C'est Moi我的卡,,,3%,外幣消費單月累積滿額最高3%,,,,,,,,,,,,,,,,,,,,,,,,,,,,,,,,,100 元/3點,消費國家非 TW 或 TWN 之交易、非台幣計之消費，且不含國外交易清算手續費,,,,,,,,,,,,,,,,,,,,,,,,,,3%,"每月高鐵/台鐵刷卡滿$3,000享3%回饋，需登錄",,,,,,,100 元/3點,台鐵、高鐵、可樂旅遊、雄獅旅遊、燦星旅遊、東南旅遊、易遊網、以及本行認定為「旅行社」、「飯店住宿」、「航空公司」者,,,,,,,
遠東商銀,快樂信用卡,5%,指定百貨/藥妝/網購、咖啡與服飾，享最高5%回饋,3%,外幣消費刷滿額最高享3%回饋,,,,,,,,,,,,,,,,,,,,,,,,,,,,,,,,,,,,,,,,,,,,,,,,,,,,,,5%,,,,,,3%,,,,,,,,,,,,,,,,
遠東商銀,遠東樂行卡,1.2%,"當期帳單一般消費需刷滿3,000元；若未達則享0.5%現金回饋",2%,國外指定地區消費再加碼1%回饋,,,,,,,,,,,,,,,,,,,,,,,,,,,,,,,,,,,,,,,,,,,,,,,,,,,,,,,,,,3%,"當期帳單一般消費刷滿3,000元且於當月27日前登錄",,,3%,,,,,,,,,,,,,,
遠東商銀,遠東樂家+卡,0.5%,,3.5%,刷卡滿額回饋再加碼最高3.5%回饋,,,,,,,,,,,,,,,,,,,,,,,,,,,,,,,,,,,,,,,,,,5%,,,,,,,,,,,,,,3%,,,,,,,,,,,,,,,,,,,,
聯邦銀行,吉鶴卡,5%,國內消費最高5%：國內消費1%回饋無上限(保費固定1%)+綁定聯邦帳戶自扣加碼0.3%(無上限)+ 新開立New New Bank加碼3.7% (符合資格後至次月起算三個月內上限600元),4%,"日本消費最高4%：日幣消費2.5%回饋無上限+日本QUICPay加碼1.5% (月上限1,000元)",10%,於指定日系餐廳，結帳時出示聯邦吉鶴卡實體卡並全額支付消費，即享聯邦吉鶴卡卡友專屬現場折抵最高10%,,,,,,,,,,,,,,,,,,,,,,,,,,,,,,,,,,,,,,,,,,,,,,,,,,,,,,,,,,,,,,,,,,,,,,,,,,
聯邦銀行,幸福M卡,1%,,3%,,,,,,,,,,,,,,,,,,,,,,,,,,,,,,,,,,,,,,,,,,,,,,,,,,,,,,,,,1.2%,,6%,,,,,,,,,,,,,,,,,,
聯邦銀行,賴點一卡通御璽卡,5%,LINE POINTS回饋,2.3%,LINE POINTS回饋,5%,指定餐廳消費,,,,,,,,,,,,,,,,,,,,,,,,,,,,,,,,,,,,,,,,,,,,,,,,,,,,,,1%,,,,,,,,,,,,,,,,,,,,
